speaker,score,mean,std
발언인 없음,302,2.596026490066225,1.5126435373400904
언론 보도,170,1.8235294117647058,1.1218799795338812
인터넷 루머,138,1.8333333333333333,1.211763107906697
홍준표,111,2.081081081081081,1.258679937186251
문재인,111,2.5225225225225225,1.249340530380633
온라인 커뮤니티,103,1.7864077669902914,1.209849167692623
"SNS, 온라인 커뮤니티",102,1.6568627450980393,1.1301020547905816
관련인 없음,95,2.210526315789474,1.5770612101216377
안철수,74,2.2027027027027026,1.3031019864599558
언론사 자체 문제제기,68,2.338235294117647,1.4518160949862442
언론사 자체 문제 제기,58,2.9310344827586206,1.5544172368313791
이재명,53,2.811320754716981,1.271833984291747
청와대 국민청원,52,2.269230769230769,1.3878377118124472
"SNS, 인터넷 커뮤니티",50,1.66,1.188550823997228
온라인 커뮤니티 이용자,47,1.574468085106383,1.01605975626787
나경원,39,2.1794871794871793,1.3351876444470046
자유한국당,38,1.7105263157894737,0.9560022259626381
윤석열,32,2.1875,1.3781123134153823
심상정,31,3.2903225806451615,1.321452443011017
인터넷 커뮤니티 이용자,31,1.6774193548387097,1.1368698774616075
황교안,25,1.76,1.392838827718412
유승민,24,3.1666666666666665,1.403928236326068
인터넷 커뮤니티 및 SNS,21,1.619047619047619,0.9206622874969125
다수 언론 매체,20,1.9,1.0711528467275955
인터넷 뉴스 댓글 이용자,20,1.5,0.6882472016116855
인터넷 이용자,18,1.4444444444444444,0.7047921864945658
유튜브 이용자,17,1.1764705882352942,0.39295262399668784
전두환,17,1.1764705882352942,0.7276068751089989
SNS 등 온라인 매체,16,2.125,1.0878112581387147
청와대,16,2.625,1.6278820596099706
홍남기,15,1.8666666666666667,1.0600988273786194
네이버뉴스 댓글 이용자,15,2.6,1.6818357317441643
SNS 이용자,14,1.7142857142857142,1.0690449676496974
김성태,14,2.0,0.9607689228305228
주호영,14,1.6428571428571428,1.0082080720186268
트럼프,13,1.8461538461538463,0.898717034272917
네이버 카페 이용자,12,1.4166666666666667,0.5149286505444373
페이스북 이용자,12,1.3333333333333333,0.9847319278346618
하태경,12,2.9166666666666665,0.996204919895622
SNS와 커뮤니티 이용자,11,2.4545454545454546,1.5075567228888183
오세훈,11,2.4545454545454546,1.2135597524338357
이언주,11,1.9090909090909092,0.9438798074485389
"SNS, 인터넷 커뮤니티, 유튜브",11,2.0,1.5491933384829668
"SNS, 인터넷 커뮤니티, 유튜브, 언론사 자체 제보",11,2.1818181818181817,1.4709304414677002
조국,11,2.6363636363636362,1.2060453783110545
추미애,11,2.090909090909091,1.2210278829367867
민경욱,11,1.4545454545454546,0.9341987329938275
언론 보도 및 온라인 커뮤니티 이용자,11,1.8181818181818181,0.7507571935295484
김문수,11,2.090909090909091,1.7002673586554236
인터넷 커뮤니티,11,1.7272727272727273,1.1037127426019047
가로세로연구소,10,1.6,0.5163977794943222
더불어민주당,10,3.0,1.632993161855452
온라인 커뮤니티 및 기사 댓글,10,1.8,1.4757295747452437
이낙연,10,2.3,1.4181364924121764
한국유치원총연합회,10,1.4,0.5163977794943222
언론보도,9,1.7777777777777777,0.8333333333333333
원희룡,9,2.4444444444444446,1.4240006242195884
언론보도 및 댓글,9,2.3333333333333335,1.0
심재철,9,2.0,1.224744871391589
전광훈,9,1.0,0.5
이해찬,9,2.2222222222222223,1.3017082793177757
"다수 언론 매체, 온라인 커뮤니티",9,2.2222222222222223,1.3017082793177757
이명박,9,1.3333333333333333,0.5
온라인 뉴스 댓글 이용자,8,1.625,1.1877349391654208
김현미,8,1.75,1.3887301496588271
"온라인 커뮤니티, 언론 보도",8,1.875,1.1259916264596033
김진태,8,2.375,1.1877349391654208
박원순,7,3.4285714285714284,1.1338934190276817
인터넷 댓글 이용자,7,2.0,1.8257418583505536
이준석,7,2.5714285714285716,1.3972762620115435
유튜버 및 온라인 커뮤니티 이용자,7,1.2857142857142858,0.48795003647426655
보수 유튜버,7,1.2857142857142858,0.4879500364742666
강효상,7,1.5714285714285714,0.5345224838248488
배현진,7,1.0,0.0
언론 보도 및 SNS,7,1.7142857142857142,1.1126972805283737
조원진,6,1.0,0.6324555320336759
홍익표,6,2.1666666666666665,0.983192080250175
송영길,6,2.3333333333333335,1.2110601416389968
트위터 이용자,6,1.1666666666666667,0.408248290463863
"다수 매체, 인터넷 커뮤니티",6,3.0,1.0954451150103324
박근혜,6,1.1666666666666667,0.408248290463863
네이버 블로그 이용자,6,1.5,0.5477225575051661
박주민,6,2.8333333333333335,1.602081978759722
온라인 이용자,6,1.3333333333333333,0.5163977794943222
정유섭,6,1.3333333333333333,0.816496580927726
국민의당,6,1.8333333333333333,0.752772652709081
김태년,5,3.2,1.3038404810405297
"보수 유튜버, 인터넷 이용자 등",5,1.6,0.5477225575051661
법무부,5,2.2,1.0954451150103321
박용진,5,2.4,1.51657508881031
안상수,5,1.4,0.5477225575051662
김기현,5,1.6,0.5477225575051662
온라인 커뮤니티 및 보수 유튜버,5,1.0,0.0
언론 보도 및 다수 커뮤니티,5,2.4,1.140175425099138
이재웅,5,2.0,1.224744871391589
고노 다로 ,5,1.8,1.9235384061671346
SNS와 블로그 이용자,5,1.8,1.3038404810405297
국방부,5,2.8,1.3038404810405297
장제원,5,2.0,1.0
곽상도,5,1.4,0.5477225575051662
시민 제안,4,2.5,1.9148542155126762
정용기,4,1.75,0.9574271077563381
우원식,4,1.25,0.9574271077563382
질병관리청 ,4,2.0,1.632993161855452
박인숙,4,1.75,0.5
강병원,4,2.5,1.7320508075688772
이재오,4,1.25,0.5
한국납세자연맹,4,3.0,0.816496580927726
이인영,4,3.25,1.5
주광덕,4,1.25,0.9574271077563381
국민의힘,4,2.75,0.9574271077563381
최재형,4,3.5,1.2909944487358056
조희연,4,2.0,0.0
온라인 커뮤니티 이용자 및 뉴스 댓글 이용자,4,2.75,1.5
홍영표,4,3.0,1.1547005383792515
김진표,4,1.75,0.5
김종대,4,2.5,0.5773502691896257
김종인,4,2.5,0.5773502691896257
유튜브 및 온라인 커뮤니티 ,4,1.0,0.816496580927726
평창동계올림픽조직위원회,4,1.75,1.2583057392117916
조명래,4,2.0,1.8257418583505538
정미경,4,1.25,0.5
"네이버뉴스 댓글 이용자, 온라인 커뮤니티",4,1.25,0.5
국토교통부,4,2.25,0.5
박성중,4,2.25,1.8929694486000914
박범계,4,1.0,1.1547005383792515
기사 댓글 ,4,1.25,0.5
"인터넷 커뮤니티, 언론 보도",4,2.25,1.8929694486000912
소셜미디어 및 온라인 커뮤니티 게시물,4,2.0,2.0
팩트체크 제안,4,4.25,0.4999999999999999
전희경,4,1.25,0.5
김관영,4,2.5,0.5773502691896257
신일그룹,4,1.75,0.5
다수 언론의 문제제기 ,4,4.0,1.1547005383792515
대한의사협회,4,1.5,1.0
한국경영자총협회,4,2.0,0.816496580927726
시민제안,4,2.0,0.816496580927726
민정기,4,0.75,0.5
손학규,3,2.0,1.0
소셜미디어 이용자,3,2.0,1.7320508075688772
김창룡,3,3.3333333333333335,0.5773502691896258
온라인 포털 및 커뮤니티,3,2.0,1.7320508075688772
백운규,3,0.6666666666666666,1.1547005383792517
"김진태,김순례",3,1.3333333333333333,0.5773502691896258
서울시,3,2.0,2.0
중국 '바이두 백과사전',3,1.0,0.0
삼성전자,3,2.3333333333333335,0.5773502691896258
지만원,3,1.0,0.0
낙태죄 폐지 반대 국민연합,3,2.0,0.0
교육부,3,2.6666666666666665,2.0816659994661326
언론 보도 내 댓글,3,2.3333333333333335,0.5773502691896257
태영호,3,1.3333333333333333,1.1547005383792517
경제정의실천시민연합,3,2.0,1.7320508075688772
사유리,3,2.0,1.0
언론 보도 및 다수 커뮤니티 이용자,3,2.3333333333333335,1.5275252316519468
고민정,3,4.0,1.0
최종구,3,3.6666666666666665,0.5773502691896257
참여연대,3,2.0,1.7320508075688772
산업통상자원부,3,3.0,1.7320508075688772
김효재,3,1.6666666666666667,0.5773502691896257
한정애,3,3.6666666666666665,1.5275252316519465
조경태,3,2.3333333333333335,1.5275252316519468
일본 경제산업성,3,2.0,1.0
박남춘,3,4.0,0.0
박지원,3,3.6666666666666665,0.5773502691896258
이채익,3,2.3333333333333335,0.5773502691896258
환경부 ,3,1.0,1.0
바른미래당,3,2.6666666666666665,0.5773502691896258
정치권 및 언론 매체 ,3,2.0,0.0
이혜훈,3,2.6666666666666665,1.1547005383792515
장혜영,3,3.6666666666666665,1.5275252316519468
김영배,3,2.6666666666666665,1.5275252316519468
박영선,3,2.6666666666666665,1.5275252316519465
김부겸,3,2.0,0.0
김병준,3,2.6666666666666665,0.5773502691896257
김미애,3,2.3333333333333335,2.3094010767585034
김도읍,3,1.6666666666666667,0.5773502691896258
김무성,3,1.3333333333333333,0.5773502691896258
김두관,3,2.0,1.0
전국민주노동조합총연맹,3,1.6666666666666667,1.5275252316519465
정세균,3,2.3333333333333335,1.5275252316519468
박능후,3,2.0,2.0
문화체육관광부,3,1.3333333333333333,0.5773502691896257
김정은,3,3.0,2.0
윤서인,3,1.3333333333333333,0.5773502691896257
김재원,3,2.0,1.0
발언 주체 없음,3,5.0,0.0
윤호중,3,2.3333333333333335,1.5275252316519468
김의겸,3,1.3333333333333333,1.1547005383792517
윤희석,3,2.6666666666666665,0.5773502691896258
윤희숙,3,1.3333333333333333,0.5773502691896258
기획재정부,3,3.3333333333333335,1.5275252316519468
박광온,3,3.0,1.0
일본 자민당,3,1.3333333333333333,0.5773502691896257
정우택,3,1.6666666666666667,0.5773502691896257
김용범,3,2.0,2.0
김동연,3,3.0,1.0
수소수 업계,2,1.5,0.7071067811865476
송기헌,2,1.5,0.7071067811865476
송석준,2,1.0,0.0
"설훈, 홍익표",2,1.5,0.7071067811865476
스가 요시히데 일본 관방장관,2,1.5,0.7071067811865476
박완수 ,2,3.5,2.1213203435596424
서울특별시,2,2.0,0.0
박수현,2,2.5,0.7071067811865476
서영교,2,3.5,0.7071067811865476
황보승희,2,4.5,0.7071067811865476
산란계,2,1.0,0.0
사이토 겐 일본 농림수산상 ,2,3.0,1.4142135623730951
황교익,2,1.5,0.7071067811865476
보건복지부,2,1.0,1.4142135623730951
박찬주,2,1.5,0.7071067811865476
법조계,2,2.0,2.8284271247461903
한국은행,2,1.0,0.0
반기문,2,3.5,0.7071067811865476
한국전력공사,2,1.0,0.0
임종석,2,2.0,2.8284271247461903
오신환,2,3.5,2.1213203435596424
시민사회단체들,2,3.0,1.4142135623730951
이해진,2,2.5,0.7071067811865476
"유튜브, SNS, 인터넷 커뮤니티",2,2.0,0.0
정진석,2,2.5,0.7071067811865476
정유진,2,2.5,0.7071067811865476
이동섭,2,1.0,1.4142135623730951
이수정,2,3.0,2.8284271247461903
이정미,2,4.5,0.7071067811865476
정부 브리핑 및 다수 커뮤니티,2,1.5,2.1213203435596424
"이준석, 하태경, 윤석열",2,1.5,0.7071067811865476
이철희,2,2.0,0.0
정부,2,1.0,1.4142135623730951
식약처,2,5.0,0.0
이호승,2,2.5,0.7071067811865476
인스타그램 이용자,2,2.0,0.0
정동영,2,2.5,2.1213203435596424
정갑윤,2,1.5,0.7071067811865476
전국농민총연맹,2,1.5,0.7071067811865476
임태훈,2,5.0,0.0
일본 언론,2,2.0,2.8284271247461903
일본 외무성,2,1.5,0.7071067811865476
일본 정부·도쿄전력,2,1.5,0.7071067811865476
제보자,2,1.0,1.4142135623730951
조은희,2,1.0,1.4142135623730951
조정식,2,3.0,2.8284271247461903
온라인 카페 및 페이스북 이용자,2,1.0,0.0
신연희,2,3.0,1.4142135623730951
"페이스북 이용자 댓글, 기사 댓글",2,4.5,0.7071067811865476
"심상정, 손학규",2,4.0,0.0
페이스북 및 유튜브 이용자,2,1.0,0.0
통일부,2,1.0,1.4142135623730951
양향자,2,2.5,0.7071067811865476
통계청,2,2.0,0.0
추미애 아들 측 변호인,2,2.5,0.7071067811865476
언론 보도 및 원희룡 발언,2,2.0,0.0
언론 보도 및 정치인 발언,2,2.5,2.1213203435596424
최재성,2,2.5,0.7071067811865476
"언론보도, 김예지",2,1.5,0.7071067811865476
청와대 국민청원 및 온라인 커뮤니티,2,2.5,2.1213203435596424
"언론사 자체 문제 제기, 온라인 커뮤니티",2,1.0,0.0
진보 정당 및 진보 단체,2,2.5,0.7071067811865476
여상규,2,2.0,0.0
지상욱,2,2.0,2.8284271247461903
일부 개신교 단체 ,2,2.0,0.0
중국 언론,2,1.0,0.0
"안철수, 유승민, 주호영 등",2,1.0,0.0
후쿠시마현,2,1.0,0.0
김연철,2,3.0,1.4142135623730951
"마크 램지어, 산케이 신문",2,1.0,0.0
기모란,2,3.5,2.1213203435596424
리란 쥐안,2,2.0,0.0
리선권,2,2.0,0.0
리용호 북한 외무상,2,1.5,0.7071067811865476
마샤오웨이,2,0.0,0.0
김정우,2,2.0,0.0
김경욱,2,3.0,1.4142135623730951
고경석,2,2.5,0.7071067811865476
김광림,2,2.0,1.4142135623730951
김익중,2,2.5,3.5355339059327378
김은혜,2,1.5,0.7071067811865476
김은경,2,1.0,1.4142135623730951
김기식,2,1.0,1.4142135623730951
강민진,2,1.5,2.1213203435596424
금융위원회,2,3.0,1.4142135623730951
류석춘,2,1.0,0.0
김동철,2,1.5,0.7071067811865476
남경필,2,3.5,2.1213203435596424
다음뉴스 댓글 이용자,2,1.5,0.7071067811865476
국정기획자문위,2,2.5,2.1213203435596424
국가인권위원회,2,2.5,0.7071067811865476
노동계,2,2.5,0.7071067811865476
대한전공의협의회,2,1.5,0.7071067811865476
대한출판문화협회,2,1.0,1.4142135623730951
공정거래위원회,2,2.0,1.4142135623730951
김태훈,2,4.0,1.4142135623730951
낙태죄 폐지 반대측 여론,2,3.0,1.4142135623730951
그레그 애벗,2,2.5,0.7071067811865476
김해영,2,2.5,3.5355339059327378
도널드 트럼프 ,2,1.0,0.0
독일 언론 한델스블라트(Handelsbaltt),2,1.0,0.0
김학용,2,1.5,0.7071067811865476
김남국,2,1.0,1.4142135623730951
국회,2,3.0,1.4142135623730951
밀양 세종병원 이사장,2,3.5,0.7071067811865476
SNS 및 정치권,2,1.0,1.4142135623730951
문희상 ,2,4.5,0.7071067811865476
가짜뉴스,2,0.5,0.7071067811865476
김승환,2,1.0,0.0
"민경욱 의원, 다수 언론, 보수 성향 유튜버",2,1.0,0.0
김어준 ,2,1.5,0.7071067811865476
미국철강협회와 철강제조협회,2,1.0,0.0
김상곤,2,2.0,1.4142135623730951
김승하,1,2.0,
이종태,1,5.0,
전라북도 교육청,1,0.0,
이재정,1,2.0,
정신장애와 인권 파도손,1,4.0,
정승일 ,1,1.0,
군인권센터,1,5.0,
권석창,1,3.0,
정부 등 친여권,1,2.0,
이재정 대변인,1,1.0,
"이준석, 조원진",1,1.0,
정부 당국자,1,2.0,
전원책,1,2.0,
권순욱,1,1.0,
권은희,1,1.0,
정양석 ,1,1.0,
권은희 바른미래당 최고위원,1,1.0,
정경두,1,0.0,
권준욱,1,3.0,
"이준석, 언론 보도",1,2.0,
전현희,1,3.0,
전주시,1,3.0,
김동명,1,2.0,
"국회입법조사처, 일부 언론의 보고서 인용 ",1,3.0,
군 당국(보훈처),1,4.0,
전국편의점가맹점협회,1,2.0,
조두순,1,0.0,
조국백서추진위원회,1,1.0,
이재명 지사 측 관계자,1,5.0,
국회 관계자,1,4.0,
국회 국가혁신을 위한 연구모임,1,4.0,
제임스 김 ,1,1.0,
"이재명, 윤석열",1,2.0,
국회 국민인권포럼,1,2.0,
정태호,1,3.0,
정태옥,1,2.0,
정치권·전문가,1,4.0,
정치권 속설,1,1.0,
국회 대한민국 미래혁신포럼,1,3.0,
정춘숙,1,5.0,
김연명,1,2.0,
정청래 ,1,0.0,
국회 비정규직차별해소포럼,1,2.0,
정재관,1,5.0,
정의기억연대,1,1.0,
정은경,1,0.0,
국회생명존중포럼,1,3.0,
국회인권포럼,1,2.0,
정원석,1,2.0,
정운천,1,1.0,
"정우택, 유승민",1,2.0,
그린피스,1,0.0,
금융감독원,1,3.0,
김승원,1,2.0,
일부 유럽인들 ,1,1.0,
기장경찰서,1,2.0,
일본 트위터 이용자,1,1.0,
기획재정부 및 국토교통부,1,1.0,
"일본 정부, 도쿄올림픽 조직위원회",1,1.0,
일본 정부,1,5.0,
김경수,1,4.0,
일본 임야청,1,1.0,
이학재,1,1.0,
김수돈,1,0.0,
김경재,1,1.0,
일본 관료들,1,2.0,
김성회,1,1.0,
일본 SNS 이용자들,1,1.0,
일론 머스크,1,4.0,
일간베스트 이용자,1,2.0,
인터콥선교회,1,2.0,
"인터넷, SNS 주장",1,3.0,
"인터넷 커뮤니티, 온라인 보도",1,3.0,
김성태 (비례대표),1,2.0,
김상조,1,3.0,
이희범,1,0.0,
"김광림,이완영,원유철",1,1.0,
김규현 前 외교안보수석,1,5.0,
인도 대학 연구진,1,2.0,
김명환,1,1.0,
일부 사립유치원,1,1.0,
"일부 학부모, 네이버뉴스 댓글 이용자",1,1.0,
근로복지공단,1,0.0,
이태우,1,2.0,
김대호,1,1.0,
"전국공무원노동조합, 대한민국공무원노동조합총연맹",1,3.0,
전국경제인연합회,1,2.0,
금융감독원 및 다수 언론의 문제 제기,1,2.0,
재닛 옐런,1,2.0,
재계,1,2.0,
금융노조,1,1.0,
장하성,1,2.0,
장지훈,1,5.0,
김순례,1,1.0,
금융당국,1,1.0,
장재연,1,0.0,
장예찬,1,1.0,
장신중,1,4.0,
장룽멍,1,2.0,
장 카스텍스,1,3.0,
김수흥,1,4.0,
조법종,1,5.0,
자유북한운동연합,1,2.0,
자유대한호국단,1,1.0,
이코노미스트 인텔리전스 유닛,1,3.0,
이탄희,1,3.0,
"기사 댓글, 언론사 자체 문제 제기",1,1.0,
임오경,1,1.0,
이태규,1,2.0,
자유연대,1,2.0,
박경미,1,2.0,
조선일보,1,2.0,
강훈,1,2.0,
한국소비자단체협의회,1,5.0,
한국석유공사,1,1.0,
한국사 교과서,1,1.0,
한국노동사회연구소,1,2.0,
"강민진, 온라인 커뮤니티",1,3.0,
한국교통안전공단,1,3.0,
한국경제연구원,1,1.0,
강신욱,1,0.0,
한국게임개발자협회,1,1.0,
강원랜드 노동조합,1,2.0,
하시모토 세이코 일본 올림픽상,1,1.0,
피터 나바로,1,2.0,
피우진,1,4.0,
포스코경영연구원,1,2.0,
평등법 반대 청원인,1,1.0,
조수진 ,1,1.0,
페이스북 이용자 및 댓글,1,1.0,
개신교 종교인과세TF,1,1.0,
개신교측,1,1.0,
게임업계,1,2.0,
페이스북 댓글 이용자,1,2.0,
경기도,1,1.0,
특수활동비 가짜뉴스,1,1.0,
"경실련, 국토부",1,2.0,
경영계,1,2.0,
경영계(한국경제연구원 등),1,2.0,
경제개혁연대,1,2.0,
통계의 착시,1,1.0,
토스뱅크,1,0.0,
테워드로스 아드하놈 거브러여수스,1,0.0,
한국야구위원회(KBO),1,3.0,
한국여성정책연구원,1,1.0,
강민석 ,1,5.0,
한국인터넷기업협회,1,4.0,
황영철,1,4.0,
KT,1,4.0,
"KT, LG",1,1.0,
LG 유플러스,1,3.0,
환경운동연합,1,4.0,
SNS 가짜뉴스,1,1.0,
환경단체,1,1.0,
화학적 거세,1,5.0,
화랑지킴이,1,1.0,
홍혜걸,1,2.0,
홍철호,1,1.0,
홍준표 캠프,1,4.0,
홍종학,1,3.0,
STOP WORLD CONTROL,1,1.0,
YG엔터테인먼트,1,2.0,
홍성수,1,4.0,
홍문표,1,1.0,
홍문종,1,2.0,
현근택,1,3.0,
허태정,1,0.0,
허청회,1,2.0,
허은아,1,2.0,
"해외 언론 보도, 블로그, 온라인 커뮤니티",1,1.0,
감정평가업계,1,0.0,
한성숙·여민수,1,4.0,
한상관,1,1.0,
한반도 인권과 통일을 위한 변호사 모임,1,2.0,
한국조폐공사 직원,1,1.0,
강민국,1,2.0,
"경제단체, 다수 언론의 문제 제기",1,3.0,
탈핵법률가모임,1,0.0,
탁현민,1,3.0,
차별금지법 반대 단체,1,1.0,
차기환,1,1.0,
차규근,1,0.0,
집회주최측,1,2.0,
"공지영, 이현웅",1,2.0,
질병관리본부 ,1,5.0,
진중권,1,3.0,
진성준,1,0.0,
과학기술정보통신부,1,2.0,
곽민수,1,5.0,
구자근,1,1.0,
증시 개인투자자들,1,3.0,
중앙일보 보도,1,2.0,
중소기업중앙회,1,0.0,
중국·일본 언론,1,1.0,
중국 환경생태부,1,2.0,
중국 포털사이트 바이두,1,1.0,
중국 질병예방통제센터,1,0.0,
중국 장쑤위성TV 프로그램 '한 정거장',1,1.0,
중국 인민일보,1,2.0,
중국 네티즌,1,2.0,
국내외 온라인 커뮤니티 및 일본 정치인,1,1.0,
"주호영, 성일종 ",1,2.0,
이재만,1,1.0,
국민재산되찾기운동본부,1,5.0,
"조희연, 김성태",1,1.0,
조해진,1,0.0,
국정기획자문위원회,1,0.0,
국정원,1,1.0,
국토연구원,1,2.0,
차명진,1,1.0,
참여연대 등 시민단체,1,5.0,
코로나19 백신의 안전성을 우려하는 의료인 연합(가칭),1,1.0,
참여연대 소비자단체협의회,1,0.0,
케이뱅크,1,3.0,
카풀업계,1,2.0,
추혜선,1,2.0,
경찰,1,2.0,
최춘식 국민의힘 의원,1,2.0,
최종문,1,4.0,
고삼석,1,2.0,
고영인 ,1,4.0,
최재욱,1,2.0,
고영일,1,1.0,
최재관,1,1.0,
최인호,1,4.0,
최운열 ,1,5.0,
"최연혜, 나경원",1,2.0,
"최승재, 양경숙, 나라살림연구소",1,3.0,
최서원(최순실),1,1.0,
최문순,1,1.0,
"최규흥, 정택선",1,1.0,
최교일,1,2.0,
최강욱,1,1.0,
촛불청소년인권법제정연대,1,4.0,
초등학교 교사 A씨,1,1.0,
고용노동부,1,3.0,
청와대 국민청원 게시글,1,1.0,
고용노동부 관계자,1,2.0,
청와대 고위 관계자,1,1.0,
고용진,1,3.0,
철도노동조합,1,2.0,
책임있는 의사회,1,3.0,
국민대,1,1.0,
이순자,1,1.0,
김영록,1,3.0,
슈나이더 ,1,1.0,
데보라 벅스,1,1.0,
송희경,1,3.0,
송영무,1,2.0,
데이트 폭력 ,1,2.0,
송언석,1,1.0,
손혜원,1,2.0,
드루킹,1,5.0,
손영래,1,2.0,
손봉호,1,4.0,
손경식,1,2.0,
딘 가필드,1,3.0,
라가르드 IMF 총재,1,5.0,
소셜미디어 및 기사 댓글,1,2.0,
소병훈,1,3.0,
세월호,1,1.0,
세계보건기구(WHO),1,2.0,
세계경제포럼(WEF),1,3.0,
성일종,1,5.0,
성선제,1,2.0,
선거관리위원회,1,3.0,
서정욱,1,1.0,
류성걸,1,5.0,
서울시정일보,1,1.0,
서울시 은평구 ,1,1.0,
서울시 외 공공기관,1,2.0,
서울시 관계자,1,2.0,
류여해,1,2.0,
서울대·교육부,1,3.0,
서울 서초구 이비인후과,1,1.0,
순천시,1,2.0,
스가 요시히데,1,2.0,
서민,1,1.0,
더불어민주당 강서갑 권리당원 502명,1,2.0,
Dr. Angela Rasmussen,1,0.0,
"안철수, 기사 댓글",1,5.0,
대만 중앙전염병지휘센터,1,3.0,
대법원 ,1,5.0,
안민석,1,2.0,
안드레아 아넬리 (유벤투스 회장),1,1.0,
안데르스텡넬,1,2.0,
안경환,1,5.0,
아소 다로,1,3.0,
싱가포르 신일그룹 ,1,2.0,
대한변호사협회,1,2.0,
대한빙상경기연맹,1,1.0,
대한소아청소년과의사회,1,1.0,
심기준,1,1.0,
신중필 정의당원 ,1,1.0,
신재민,1,1.0,
대한예수장로회 합신 동성애대책위원회,1,1.0,
신원식,1,2.0,
신용현,1,3.0,
시중은행 관계자들,1,2.0,
대한항공,1,3.0,
"대한항공, 아시아나 등 항공사",1,3.0,
대형마트 수수료매장 업주,1,5.0,
시민 제보,1,2.0,
시민 인터뷰,1,1.0,
"스피카 스튜디오, 온라인 커뮤니티",1,1.0,
스타벅스코리아,1,2.0,
스즈키 쇼타로,1,1.0,
스마트스터디,1,0.0,
리 쿤셩 (베이징시 생태환경국 처장),1,3.0,
새집증후군 해결 서비스 제공 업체,1,3.0,
양경숙,1,3.0,
배진교,1,5.0,
배익기,1,2.0,
방정현,1,3.0,
방송통신위원회 ,1,3.0,
밥 코커,1,2.0,
문성호,1,3.0,
문정훈,1,2.0,
반장식,1,3.0,
반일 종족주의,1,2.0,
문진석,1,5.0,
박홍근,1,2.0,
박창근,1,5.0,
문홍식,1,5.0,
박준배 ,1,4.0,
미(美) 식품의약국(FDA),1,2.0,
박종준,1,3.0,
박종수,1,1.0,
박정희기념재단,1,1.0,
미국 국무부,1,1.0,
"박원순, 연합뉴스",1,3.0,
미세먼지 위해성,1,2.0,
민갑룡,1,2.0,
박순자,1,1.0,
"민경욱, 보수 성향 유튜버",1,1.0,
박소연,1,5.0,
"박성희, 온라인 커뮤니티",1,5.0,
민병두,1,0.0,
박병석,1,5.0,
박동운,1,1.0,
박덕흠,1,1.0,
배준영,1,4.0,
문병호,1,5.0,
삼성,1,1.0,
문무일,1,5.0,
산케이 신문,1,1.0,
"사이드 나마키 이란 보건부 장관, 언론 보도 ",1,3.0,
마크 그린,1,2.0,
사랑의 교회,1,1.0,
빌 게이츠,1,2.0,
블라디미르 푸틴,1,0.0,
북한자유연합,1,1.0,
북한,1,2.0,
북측 관계자,1,5.0,
북대서양 조약기구(NATO) 정상들 ,1,0.0,
부동산 관계자 ,1,0.0,
봉준호,1,4.0,
보수 유튜버 및 온라인 커뮤니티 이용자,1,2.0,
보수 유튜버 및 온라인 커뮤니티,1,1.0,
마크 에스퍼,1,2.0,
마크 티센,1,2.0,
병원 전문의 A씨,1,1.0,
병무청,1,2.0,
변희재,1,1.0,
변재일,1,4.0,
매일경제신문,1,1.0,
법제사법위원회,1,2.0,
법인세율,1,2.0,
법안 반대의견,1,2.0,
목수정,1,1.0,
범죄자 신상공개 사이트,1,2.0,
버웰 벨 전 주한미군사령관,1,4.0,
백철기,1,2.0,
백종원,1,0.0,
안희정 前 지사 측 변호인단,1,2.0,
양계 업계,1,2.0,
이은재 ,1,0.0,
음주단속 어플리케이션 업체,1,1.0,
은수미 ,1,3.0,
윤한홍,1,1.0,
윤태호 ,1,2.0,
윤창현,1,3.0,
윤준병,1,1.0,
윤영찬,1,2.0,
"윤소하, 인터넷 댓글 이용자 ",1,4.0,
"윤석열, 최재형, SNS 등",1,2.0,
윤석열 캠프,1,4.0,
김재련,1,3.0,
김정봉,1,1.0,
윤두현,1,2.0,
육군의 한 부대,1,1.0,
육군3사관학교,1,2.0,
김정호,1,1.0,
김종준 ,1,1.0,
유튜브 뉴스타운TV,1,1.0,
"유튜버, 민경욱 등",1,1.0,
김종훈,1,0.0,
유튜버 김모씨 등,1,1.0,
유튜버,1,2.0,
유태우,1,1.0,
유정복,1,4.0,
유은혜,1,0.0,
유영민,1,4.0,
유시민,1,2.0,
유승준,1,2.0,
"유승민, 홍준표",1,5.0,
김중로,1,5.0,
은평제일교회,1,1.0,
의료계,1,1.0,
유남석,1,0.0,
"의료계, 인터넷 커뮤니티",1,2.0,
이윤택,1,1.0,
이용호,1,3.0,
이용구,1,2.0,
이완영,1,2.0,
"이영훈목사, 언론 보도",1,1.0,
"이영훈, 대학 학위 검정고시(독학사) 국어 교재",1,1.0,
이영훈,1,1.0,
이영학,1,3.0,
김영식,1,2.0,
이승욱,1,2.0,
"박대출,김성태",1,3.0,
김용민,1,5.0,
이수봉,1,2.0,
이소영,1,0.0,
이명박대통령기념재단,1,2.0,
김용태,1,1.0,
이로문,1,1.0,
이동통신 업계 ,1,3.0,
이동욱 경기도 의사회장,1,2.0,
김용판,1,4.0,
이동관,1,1.0,
이대목동병원,1,1.0,
"이낙연, 이재명",1,0.0,
김윤덕 ,1,5.0,
이규희,1,5.0,
이광재,1,3.0,
이경재,1,1.0,
"이개호, 최재관",1,1.0,
이강국 ,1,1.0,
유럽연합,1,2.0,
윌버 로스,1,1.0,
양이원영,1,2.0,
연세대학교,1,2.0,
여수시청,1,2.0,
여성가족부,1,4.0,
네이버 지식인 이용자,1,1.0,
여명,1,2.0,
여론조사 결과,1,1.0,
엘론 머스크,1,2.0,
엔케이맥스,1,3.0,
에포크타임스,1,1.0,
네티즌 A씨,1,0.0,
"언론사 자체 문제 제기, 기사 댓글",1,3.0,
노영민,1,0.0,
"언론보도, 증권사 및 업계 일부 시각  ",1,3.0,
노재봉,1,1.0,
언론보도 및 인터넷 커뮤니티,1,4.0,
농림축산식품부,1,3.0,
누리꾼들,1,2.0,
"언론 보도, 온라인 커뮤니티",1,1.0,
언론 보도 및 페이스북 이용자,1,1.0,
뉴에라프로젝트,1,5.0,
다수 기업 보도자료,1,5.0,
다수 의료계 단체,1,1.0,
언론 보도 및 산업재해 관련 토론회,1,3.0,
다수의 온라인 커뮤니티,1,4.0,
다음 블로그 이용자,1,1.0,
언론 보도 및 노동계,1,3.0,
다음 카페 이용자,1,1.0,
당진시의사회,1,1.0,
대검찰청,1,5.0,
양준우,1,3.0,
"여의도 정가, 각종 언론, 인터넷 커뮤니티 ",1,2.0,
영국 정부 관계자,1,5.0,
월풀,1,1.0,
예산안,1,3.0,
김지웅,1,4.0,
원자력정책연대,1,2.0,
원자력 시민사회단체,1,1.0,
우윤근,1,0.0,
"김진태, 조원진, 윤상직, 월간조선, 미디어워치",1,1.0,
용산구청,1,4.0,
요미우리 신문,1,2.0,
외신보도,1,0.0,
외교부·고용노동부,1,2.0,
"온라인, 소셜미디어, 일부 언론 보도",1,1.0,
김태영,1,2.0,
"온라인 커뮤니티, 법치주의 바로 세우기 행동연대",1,2.0,
"온라인 커뮤니티, 기사 댓글",1,2.0,
김태흠,1,2.0,
온라인 커뮤니티 및 뉴스 댓글 이용자,1,1.0,
"온라인 커뮤니티 및 기사 댓글, 언론사 자체 문제 제기",1,4.0,
김현,1,4.0,
김현수,1,2.0,
김홍걸,1,3.0,
김회재,1,4.0,
"온라인 영상 및 SNS, 인터넷 커뮤니티",1,1.0,
온라인 쇼핑몰,1,3.0,
온라인 메신저 및 유튜브 이용자,1,1.0,
온라인 댓글,1,1.0,
오승재,1,4.0,
오션클린업,1,0.0,
네이버 부동산 커뮤니티,1,2.0,
오병윤·오현주,1,3.0,
옌리멍,1,2.0,
Airbnb,1,2.0,
